Date,CO2(ppm),Temp(C),CarCount
01/01/2021 00:01,485.24,25.72,6
01/01/2021 00:02,471.67,26.11,7
01/01/2021 00:03,465.65,26.34,5
01/01/2021 00:04,461.04,26.52,3
01/01/2021 00:05,455.59,26.64,3
01/01/2021 00:06,453.96,26.83,1
01/01/2021 00:07,451.91,26.9,6
01/01/2021 00:08,451.41,26.98,6
01/01/2021 00:09,446.68,27.04,6
01/01/2021 00:10,446.43,27.09,5
01/01/2021 00:11,447.3,27.12,2
01/01/2021 00:12,445.38,27.21,2
01/01/2021 00:13,447.97,27.25,2
01/01/2021 00:14,445.64,27.32,1
01/01/2021 00:15,445.86,27.3,0
01/01/2021 00:16,445.42,27.32,0
01/01/2021 00:17,446.66,27.42,0
01/01/2021 00:18,445.44,27.43,1
01/01/2021 00:19,446.42,27.52,0
01/01/2021 00:20,443.17,27.5,0
01/01/2021 00:21,443.26,27.52,2
01/01/2021 00:22,437.06,27.57,4
01/01/2021 00:23,439.62,27.53,3
01/01/2021 00:24,416.42,27.49,2
01/01/2021 00:25,425.5,27.36,6
01/01/2021 00:26,433.45,27.33,0
01/01/2021 00:27,425.21,27.29,3
01/01/2021 00:28,423.99,27.26,3
01/01/2021 00:29,423.89,27.15,4
01/01/2021 00:30,418.11,27.18,5
01/01/2021 00:31,420.43,27.14,5
01/01/2021 00:32,416.77,27.05,5
01/01/2021 00:33,412.81,27.06,4
01/01/2021 00:34,412.16,27.04,3
01/01/2021 00:35,413.31,27.05,5
01/01/2021 00:36,425.62,26.99,6
01/01/2021 00:37,418.21,26.91,6
01/01/2021 00:38,411.69,26.88,5
01/01/2021 00:39,407.07,26.87,3
01/01/2021 00:40,417.52,26.87,5
01/01/2021 00:41,418.08,26.8,2
01/01/2021 00:42,418.9,26.83,7
01/01/2021 00:43,421,26.74,7
01/01/2021 00:44,416.68,26.66,5
01/01/2021 00:45,420.19,26.62,3
01/01/2021 00:46,415.46,26.63,6
01/01/2021 00:47,413.8,26.59,5
01/01/2021 00:48,421.55,26.5,7
01/01/2021 00:49,418.29,26.49,5
01/01/2021 00:50,411.3,26.53,2
01/01/2021 00:51,425.66,26.4,2
01/01/2021 00:52,413.86,26.42,6
01/01/2021 00:53,421.59,26.43,6
01/01/2021 00:54,410.47,26.52,2
01/01/2021 00:55,418.28,26.69,4
01/01/2021 00:56,426.26,26.79,4
01/01/2021 00:57,428.12,26.84,2
01/01/2021 00:58,430.68,26.87,2
01/01/2021 00:59,432.37,26.91,3
01/01/2021 01:00,433.4,26.93,3
01/01/2021 01:01,435.52,26.98,2
01/01/2021 01:02,434.97,26.99,4
01/01/2021 01:03,432.52,26.98,0
01/01/2021 01:04,433.14,27.01,3
01/01/2021 01:05,434.68,27.02,5
01/01/2021 01:06,433.1,27.04,2
01/01/2021 01:07,435,27.05,2
01/01/2021 01:08,432.26,27.08,4
01/01/2021 01:09,433.25,27.02,3
01/01/2021 01:10,433,27.06,6
01/01/2021 01:11,434.81,27.06,2
01/01/2021 01:12,432.98,27.04,6
01/01/2021 01:13,430.68,27.06,5
01/01/2021 01:14,430.58,27.06,5
01/01/2021 01:15,432.16,27.09,3
01/01/2021 01:16,430.4,27.06,5
01/01/2021 01:17,429.84,27.12,6
01/01/2021 01:18,429.09,27.11,3
01/01/2021 01:19,432.84,27.15,6
01/01/2021 01:20,430.47,27.14,4
01/01/2021 01:21,431.17,27.14,4
01/01/2021 01:22,430.73,27.12,8
01/01/2021 01:23,429.43,27.14,3
01/01/2021 01:24,428.27,27.14,3
01/01/2021 01:25,426.99,27.15,3
01/01/2021 01:26,427.05,27.12,2
01/01/2021 01:27,429.03,27.09,7
01/01/2021 01:28,434.31,27.12,2
01/01/2021 01:29,433.71,27.14,4
01/01/2021 01:30,433.74,27.15,6
01/01/2021 01:31,432.28,27.11,4
01/01/2021 01:32,432.98,27.12,7
01/01/2021 01:33,435.15,27.14,4
01/01/2021 01:34,434.11,27.06,8
01/01/2021 01:35,433.71,27.06,7
01/01/2021 01:36,432.59,27.08,1
01/01/2021 01:37,432.3,27.05,0
01/01/2021 01:38,437.38,27.11,0
01/01/2021 01:39,436.59,27.11,0
01/01/2021 01:40,436.25,27.09,3
01/01/2021 01:41,435.53,27.14,1
01/01/2021 01:42,435.92,27.08,2
01/01/2021 01:43,434.67,27.05,2
01/01/2021 01:44,434.76,27.08,0
01/01/2021 01:45,435.4,27.05,0
01/01/2021 01:46,437.8,27.08,0
01/01/2021 01:47,438.73,27.12,0
01/01/2021 01:48,440.53,27.14,0
01/01/2021 01:49,441.1,27.15,0
01/01/2021 01:50,442.12,27.14,0
01/01/2021 01:51,442.78,27.14,0
01/01/2021 01:52,445.17,27.14,0
01/01/2021 01:53,446.72,27.15,0
01/01/2021 01:54,446.05,27.12,0
01/01/2021 01:55,449.5,27.15,0
01/01/2021 01:56,445.99,27.15,0
01/01/2021 01:57,446.17,27.19,0
01/01/2021 01:58,442.78,27.04,0
01/01/2021 01:59,444.88,27.11,0
01/01/2021 02:00,444.8,27.09,0
01/01/2021 02:01,445.6,27.08,0
01/01/2021 02:02,446.87,27.16,0
01/01/2021 02:03,446.43,27.14,0
01/01/2021 02:04,442.72,27.04,0
01/01/2021 02:05,438.16,27.04,0
01/01/2021 02:06,439.29,27.06,0
01/01/2021 02:07,438.45,27.05,0
01/01/2021 02:08,440.08,27.08,0
01/01/2021 02:09,438.5,27.09,0
01/01/2021 02:10,440.2,27.12,0
01/01/2021 02:11,436.67,27.06,0
01/01/2021 02:12,436.37,27.04,0
01/01/2021 02:13,439.84,27.08,0
01/01/2021 02:14,442.69,27.06,7
01/01/2021 02:15,446.68,27.08,3
01/01/2021 02:16,443.28,27.05,1
01/01/2021 02:17,441.27,27.06,2
01/01/2021 02:18,436.04,27.05,5
01/01/2021 02:19,433.49,27.02,3
01/01/2021 02:20,433.04,27.01,2
01/01/2021 02:21,433.22,27.01,6
01/01/2021 02:22,432.41,27.04,3
01/01/2021 02:23,433.02,27.05,4
01/01/2021 02:24,429.68,26.99,2
01/01/2021 02:25,426.9,26.98,0
01/01/2021 02:26,425.26,26.98,6
01/01/2021 02:27,430.95,26.99,7
01/01/2021 02:28,430.56,27.01,2
01/01/2021 02:29,432.16,26.99,4
01/01/2021 02:30,431.63,27.02,0
01/01/2021 02:31,430.57,27.02,2
01/01/2021 02:32,429.97,26.98,2
01/01/2021 02:33,428.9,26.99,1
01/01/2021 02:34,425.62,26.94,3
01/01/2021 02:35,426.08,26.98,4
01/01/2021 02:36,427.97,26.99,0
01/01/2021 02:37,428.51,26.95,0
01/01/2021 02:38,426.56,26.94,3
01/01/2021 02:39,427.14,26.94,4
01/01/2021 02:40,424.06,26.84,4
01/01/2021 02:41,424.37,26.84,3
01/01/2021 02:42,422.84,26.8,2
01/01/2021 02:43,430.66,26.84,1
01/01/2021 02:44,429.29,26.83,1
01/01/2021 02:45,428.63,26.86,1
01/01/2021 02:46,429.46,26.9,1
01/01/2021 02:47,427.04,26.87,2
01/01/2021 02:48,422.29,26.86,2
01/01/2021 02:49,421.14,26.79,2
01/01/2021 02:50,422.06,26.86,0
01/01/2021 02:51,421.26,26.8,1
01/01/2021 02:52,422.42,26.81,4
01/01/2021 02:53,424.57,26.83,0
01/01/2021 02:54,424.99,26.88,0
01/01/2021 02:55,425.64,26.83,2
01/01/2021 02:56,426.31,26.8,4
01/01/2021 02:57,425.65,26.8,1
01/01/2021 02:58,428.7,26.81,1
01/01/2021 02:59,431.29,26.77,2
01/01/2021 03:00,429.38,26.7,3
01/01/2021 03:01,428.58,26.59,5
01/01/2021 03:02,427.41,26.57,1
01/01/2021 03:03,433.06,26.66,1
01/01/2021 03:04,433.39,26.7,0
01/01/2021 03:05,435.93,26.79,0
01/01/2021 03:06,434.91,26.79,0
01/01/2021 03:07,435.38,26.77,0
01/01/2021 03:08,435.64,26.81,2
01/01/2021 03:09,435.82,26.86,0
01/01/2021 03:10,432.95,26.81,0
01/01/2021 03:11,430.1,26.83,0
01/01/2021 03:12,433.33,26.84,0
01/01/2021 03:13,434.1,26.84,0
01/01/2021 03:14,432.75,26.84,0
01/01/2021 03:15,429.58,26.86,1
01/01/2021 03:16,430.31,26.83,1
01/01/2021 03:17,430.53,26.86,3
01/01/2021 03:18,432.02,26.87,0
01/01/2021 03:19,431.49,26.87,3
01/01/2021 03:20,433.16,26.87,8
01/01/2021 03:21,431.84,26.87,2
01/01/2021 03:22,434.11,26.86,1
01/01/2021 03:23,435.45,26.86,3
01/01/2021 03:24,436.69,26.87,0
01/01/2021 03:25,436.47,26.87,0
01/01/2021 03:26,436.83,26.86,0
01/01/2021 03:27,438.6,26.86,1
01/01/2021 03:28,439.65,26.87,0
01/01/2021 03:29,438.23,26.87,1
01/01/2021 03:30,437.07,26.87,0
01/01/2021 03:31,437.97,26.88,1
01/01/2021 03:32,436.99,26.86,0
01/01/2021 03:33,436.99,26.86,3
01/01/2021 03:34,437.81,26.87,3
01/01/2021 03:35,439.98,26.88,6
01/01/2021 03:36,439.57,26.86,7
01/01/2021 03:37,438.85,26.86,7
01/01/2021 03:38,439.55,26.87,1
01/01/2021 03:39,440.11,26.84,7
01/01/2021 03:40,440.89,26.84,6
01/01/2021 03:41,443.32,26.83,4
01/01/2021 03:42,443.65,26.84,2
01/01/2021 03:43,444.07,26.84,0
01/01/2021 03:44,444.91,26.79,0
01/01/2021 03:45,446.8,26.84,0
01/01/2021 03:46,444.99,26.86,1
01/01/2021 03:47,443.46,26.84,2
01/01/2021 03:48,440.29,26.86,2
01/01/2021 03:49,440.53,26.86,0
01/01/2021 03:50,439.93,26.86,0
01/01/2021 03:51,441.21,26.86,2
01/01/2021 03:52,439.27,26.88,2
01/01/2021 03:53,441.21,26.86,0
01/01/2021 03:54,441.42,26.84,6
01/01/2021 03:55,443.46,26.88,2
01/01/2021 03:56,443.6,26.87,2
01/01/2021 03:57,445.36,26.87,6
01/01/2021 03:58,447.97,26.88,4
01/01/2021 03:59,448.21,26.88,2
01/01/2021 04:00,449.44,26.88,0
01/01/2021 04:01,447.29,26.86,1
01/01/2021 04:02,444.44,26.86,1
01/01/2021 04:03,446.22,26.86,0
01/01/2021 04:04,445.28,26.87,3
01/01/2021 04:05,447.08,26.86,1
01/01/2021 04:06,447.13,26.87,3
01/01/2021 04:07,450.68,26.88,1
01/01/2021 04:08,452.77,26.88,1
01/01/2021 04:09,456.25,26.87,0
01/01/2021 04:10,456.48,26.87,3
01/01/2021 04:11,455.1,26.87,2
01/01/2021 04:12,455.04,26.88,2
01/01/2021 04:13,456.16,26.9,1
01/01/2021 04:14,455.61,26.87,0
01/01/2021 04:15,452.38,26.86,0
01/01/2021 04:16,452.55,26.87,0
01/01/2021 04:17,453.36,26.84,2
01/01/2021 04:18,451.57,26.88,3
01/01/2021 04:19,450.41,26.87,3
01/01/2021 04:20,449.3,26.87,3
01/01/2021 04:21,449.7,26.88,6
01/01/2021 04:22,449.87,26.87,7
01/01/2021 04:23,450.83,26.86,6
01/01/2021 04:24,452.41,26.88,1
01/01/2021 04:25,453.87,26.87,0
01/01/2021 04:26,456.15,26.86,1
01/01/2021 04:27,454.32,26.91,4
01/01/2021 04:28,455.28,26.86,1
01/01/2021 04:29,456.83,26.87,3
01/01/2021 04:30,454.52,26.87,1
01/01/2021 04:31,453.75,26.87,0
01/01/2021 04:32,454.73,26.87,0
01/01/2021 04:33,454.17,26.86,2
01/01/2021 04:34,453.18,26.9,2
01/01/2021 04:35,450.46,26.88,0
01/01/2021 04:36,449.76,26.9,0
01/01/2021 04:37,450.88,26.87,1
01/01/2021 04:38,450.01,26.88,2
01/01/2021 04:39,449.22,26.86,5
01/01/2021 04:40,451.41,26.86,1
01/01/2021 04:41,452.77,26.84,0
01/01/2021 04:42,452.56,26.86,3
01/01/2021 04:43,451.25,26.86,2
01/01/2021 04:44,452.88,26.88,8
01/01/2021 04:45,453.1,26.88,7
01/01/2021 04:46,457.94,26.84,2
01/01/2021 04:47,462.03,26.8,0
01/01/2021 04:48,470.06,26.86,0
01/01/2021 04:49,471.8,26.81,0
01/01/2021 04:50,475.36,26.86,0
01/01/2021 04:51,474.98,26.88,0
01/01/2021 04:52,473.59,26.9,0
01/01/2021 04:53,474.23,26.88,0
01/01/2021 04:54,476.14,26.86,0
01/01/2021 04:55,476.18,26.9,0
01/01/2021 04:56,477.24,26.87,0
01/01/2021 04:57,477.46,26.88,0
01/01/2021 04:58,476.04,26.87,0
01/01/2021 04:59,474.98,26.88,0
01/01/2021 05:00,474.84,26.88,0
01/01/2021 05:01,476.11,26.88,0
01/01/2021 05:02,476.2,26.87,0
01/01/2021 05:03,477.05,26.86,0
01/01/2021 05:04,477.53,26.87,0
01/01/2021 05:05,478.83,26.88,0
01/01/2021 05:06,481.22,26.84,0
01/01/2021 05:07,481.92,26.84,0
01/01/2021 05:08,480.31,26.84,0
01/01/2021 05:09,479.53,26.81,0
01/01/2021 05:10,480.47,26.84,0
01/01/2021 05:11,478.64,26.84,0
01/01/2021 05:12,476.57,26.81,0
01/01/2021 05:13,476.58,26.84,0
01/01/2021 05:14,476.48,26.81,0
01/01/2021 05:15,478.43,26.8,0
01/01/2021 05:16,479.5,26.8,0
01/01/2021 05:17,477.95,26.8,0
01/01/2021 05:18,478.38,26.81,0
01/01/2021 05:19,476.94,26.83,0
01/01/2021 05:20,476.66,26.8,0
01/01/2021 05:21,475.83,26.77,0
01/01/2021 05:22,476.38,26.8,0
01/01/2021 05:23,476.38,26.79,0
01/01/2021 05:24,478.49,26.76,0
01/01/2021 05:25,479.3,26.76,0
01/01/2021 05:26,478.91,26.77,0
01/01/2021 05:27,478.19,26.79,0
01/01/2021 05:28,478.21,26.77,0
01/01/2021 05:29,477.68,26.74,0
01/01/2021 05:30,480.37,26.76,0
01/01/2021 05:31,482.24,26.76,0
01/01/2021 05:32,479.03,26.76,0
01/01/2021 05:33,478.04,26.76,0
01/01/2021 05:34,475.93,26.73,0
01/01/2021 05:35,473.44,26.71,0
01/01/2021 05:36,471.42,26.71,0
01/01/2021 05:37,471.62,26.7,0
01/01/2021 05:38,470.82,26.73,0
01/01/2021 05:39,472.8,26.71,0
01/01/2021 05:40,474.6,26.73,0
01/01/2021 05:41,472.24,26.7,0
01/01/2021 05:42,471.45,26.66,0
01/01/2021 05:43,471.72,26.7,0
01/01/2021 05:44,474.2,26.67,0
01/01/2021 05:45,474.09,26.7,0
01/01/2021 05:46,475.13,26.66,0
01/01/2021 05:47,474.99,26.67,0
01/01/2021 05:48,471.88,26.66,0
01/01/2021 05:49,472.29,26.64,0
01/01/2021 05:50,473.45,26.66,0
01/01/2021 05:51,471.84,26.64,0
01/01/2021 05:52,471.39,26.67,0
01/01/2021 05:53,470.68,26.66,0
01/01/2021 05:54,470.16,26.62,0
01/01/2021 05:55,470.21,26.64,0
01/01/2021 05:56,470.65,26.63,0
01/01/2021 05:57,468.48,26.64,0
01/01/2021 05:58,466.82,26.63,0
01/01/2021 05:59,464.22,26.62,0
01/01/2021 06:00,464.31,26.63,0
01/01/2021 06:01,463.37,26.59,0
01/01/2021 06:02,464.06,26.6,0
01/01/2021 06:03,466.91,26.6,0
01/01/2021 06:04,468.3,26.57,0
01/01/2021 06:05,469.45,26.57,0
01/01/2021 06:06,470.13,26.59,0
01/01/2021 06:07,468.99,26.59,0
01/01/2021 06:08,467.1,26.55,0
01/01/2021 06:09,468.39,26.59,0
01/01/2021 06:10,466.55,26.56,0
01/01/2021 06:11,466.37,26.57,0
01/01/2021 06:12,465.63,26.55,0
01/01/2021 06:13,465.48,26.56,0
01/01/2021 06:14,466.09,26.57,0
01/01/2021 06:15,461.71,26.55,0
01/01/2021 06:16,461.81,26.52,0
01/01/2021 06:17,459.14,26.52,0
01/01/2021 06:18,460.91,26.52,0
01/01/2021 06:19,461.1,26.53,0
01/01/2021 06:20,462.81,26.52,0
01/01/2021 06:21,462.89,26.52,0
01/01/2021 06:22,464.09,26.5,0
01/01/2021 06:23,461.93,26.5,0
01/01/2021 06:24,461.24,26.52,0
01/01/2021 06:25,460.71,26.52,0
01/01/2021 06:26,460.17,26.52,0
01/01/2021 06:27,457.86,26.52,0
01/01/2021 06:28,455.82,26.53,0
01/01/2021 06:29,455.73,26.47,0
01/01/2021 06:30,456.23,26.5,0
01/01/2021 06:31,456.62,26.53,0
01/01/2021 06:32,455.48,26.47,0
01/01/2021 06:33,456.75,26.5,0
01/01/2021 06:34,458.38,26.47,0
01/01/2021 06:35,457.68,26.46,0
01/01/2021 06:36,460.17,26.49,0
01/01/2021 06:37,457.66,26.49,0
01/01/2021 06:38,458.64,26.49,0
01/01/2021 06:39,459.55,26.45,0
01/01/2021 06:40,460.56,26.46,0
01/01/2021 06:41,458.76,26.47,0
01/01/2021 06:42,458.89,26.46,0
01/01/2021 06:43,457.29,26.47,0
01/01/2021 06:44,456.92,26.49,0
01/01/2021 06:45,459.01,26.43,0
01/01/2021 06:46,457.9,26.46,0
01/01/2021 06:47,457.59,26.45,0
01/01/2021 06:48,457.72,26.45,0
01/01/2021 06:49,456.62,26.43,0
01/01/2021 06:50,456.79,26.47,0
01/01/2021 06:51,456.33,26.45,0
01/01/2021 06:52,455.91,26.45,0
01/01/2021 06:53,454.37,26.43,0
01/01/2021 06:54,453,26.4,0
01/01/2021 06:55,453.21,26.43,0
01/01/2021 06:56,455.57,26.43,0
01/01/2021 06:57,457.58,26.4,0
01/01/2021 06:58,458.05,26.42,0
01/01/2021 06:59,458.47,26.4,0
01/01/2021 07:00,458.81,26.39,0
01/01/2021 07:01,457.9,26.36,0
01/01/2021 07:02,458.37,26.4,0
01/01/2021 07:03,459.04,26.4,0
01/01/2021 07:04,462.99,26.4,0
01/01/2021 07:05,463.82,26.42,0
01/01/2021 07:06,461.72,26.38,0
01/01/2021 07:07,462.08,26.39,0
01/01/2021 07:08,463.91,26.38,0
01/01/2021 07:09,460.7,26.4,0
01/01/2021 07:10,459.39,26.38,0
01/01/2021 07:11,458.54,26.4,0
01/01/2021 07:12,457.33,26.39,0
01/01/2021 07:13,455.92,26.38,0
01/01/2021 07:14,455.7,26.4,0
01/01/2021 07:15,455.8,26.38,0
01/01/2021 07:16,455.71,26.38,0
01/01/2021 07:17,456.43,26.36,0
01/01/2021 07:18,457,26.35,0
01/01/2021 07:19,458.96,26.36,0
01/01/2021 07:20,458.87,26.36,0
01/01/2021 07:21,458.61,26.36,0
01/01/2021 07:22,457.72,26.35,0
01/01/2021 07:23,456.44,26.34,0
01/01/2021 07:24,455.52,26.36,0
01/01/2021 07:25,457.69,26.38,0
01/01/2021 07:26,457.24,26.36,0
01/01/2021 07:27,453.82,26.34,0
01/01/2021 07:28,454.61,26.35,0
01/01/2021 07:29,452.73,26.34,0
01/01/2021 07:30,454.43,26.32,0
01/01/2021 07:31,456.08,26.34,0
01/01/2021 07:32,457.63,26.32,0
01/01/2021 07:33,457.14,26.34,0
01/01/2021 07:34,456.68,26.32,0
01/01/2021 07:35,459.68,26.35,0
01/01/2021 07:36,458.7,26.32,0
01/01/2021 07:37,460.55,26.32,0
01/01/2021 07:38,459.68,26.31,0
01/01/2021 07:39,458.94,26.32,0
01/01/2021 07:40,458.69,26.31,0
01/01/2021 07:41,456.14,26.31,0
01/01/2021 07:42,453.84,26.32,0
01/01/2021 07:43,452.14,26.31,0
01/01/2021 07:44,451.67,26.29,0
01/01/2021 07:45,451.57,26.31,0
01/01/2021 07:46,450.81,26.31,0
01/01/2021 07:47,452.15,26.31,0
01/01/2021 07:48,452.66,26.29,0
01/01/2021 07:49,455.5,26.29,0
01/01/2021 07:50,454.21,26.28,0
01/01/2021 07:51,453.83,26.28,0
01/01/2021 07:52,455.54,26.27,0
01/01/2021 07:53,453.42,26.27,0
01/01/2021 07:54,453.77,26.28,0
01/01/2021 07:55,452.02,26.31,0
01/01/2021 07:56,454.25,26.29,0
01/01/2021 07:57,455.11,26.25,0
01/01/2021 07:58,456.63,26.25,0
01/01/2021 07:59,456.08,26.29,0
01/01/2021 08:00,454.91,26.28,0
01/01/2021 08:01,455.04,26.25,0
01/01/2021 08:02,455.42,26.25,0
01/01/2021 08:03,456.14,26.27,0
01/01/2021 08:04,457.26,26.28,0
01/01/2021 08:05,457.79,26.25,0
01/01/2021 08:06,456.76,26.24,0
01/01/2021 08:07,459.04,26.27,0
01/01/2021 08:08,458.92,26.24,0
01/01/2021 08:09,460.29,26.22,0
01/01/2021 08:10,458.96,26.24,0
01/01/2021 08:11,458.32,26.25,0
01/01/2021 08:12,456.42,26.22,0
01/01/2021 08:13,454.87,26.24,0
01/01/2021 08:14,453.3,26.25,0
01/01/2021 08:15,454.79,26.21,0
01/01/2021 08:16,455.13,26.18,0
01/01/2021 08:17,456.52,26.21,0
01/01/2021 08:18,456.14,26.18,0
01/01/2021 08:19,454.84,26.21,0
01/01/2021 08:20,451.06,26.22,0
01/01/2021 08:21,447.91,26.22,0
01/01/2021 08:22,448.3,26.18,0
01/01/2021 08:23,448.58,26.24,0
01/01/2021 08:24,449.42,26.21,0
01/01/2021 08:25,447.1,26.18,0
01/01/2021 08:26,447.85,26.2,0
01/01/2021 08:27,448.72,26.21,0
01/01/2021 08:28,447.47,26.15,0
01/01/2021 08:29,446.69,26.15,0
01/01/2021 08:30,449.86,26.15,0
01/01/2021 08:31,452.66,26.2,0
01/01/2021 08:32,452.08,26.2,0
01/01/2021 08:33,454.49,26.18,0
01/01/2021 08:34,455.26,26.2,0
01/01/2021 08:35,455.12,26.17,0
01/01/2021 08:36,456.88,26.2,0
01/01/2021 08:37,455.41,26.2,0
01/01/2021 08:38,454.45,26.2,0
01/01/2021 08:39,453.54,26.18,0
01/01/2021 08:40,453.57,26.12,0
01/01/2021 08:41,451.35,26.17,0
01/01/2021 08:42,452.23,26.17,0
01/01/2021 08:43,452.88,26.18,0
01/01/2021 08:44,452.73,26.2,0
01/01/2021 08:45,453.62,26.17,0
01/01/2021 08:46,454.44,26.11,0
01/01/2021 08:47,456.62,26.15,0
01/01/2021 08:48,452.87,26.11,0
01/01/2021 08:49,455.57,26.12,0
01/01/2021 08:50,458.38,26.14,0
01/01/2021 08:51,456.87,26.12,0
01/01/2021 08:52,455.75,26.14,0
01/01/2021 08:53,456.15,26.14,0
01/01/2021 08:54,455.55,26.11,0
01/01/2021 08:55,454.13,26.14,0
01/01/2021 08:56,452.59,26.11,0
01/01/2021 08:57,451.64,26.12,0
01/01/2021 08:58,450.1,26.14,0
01/01/2021 08:59,450.51,26.11,0
01/01/2021 09:00,449.8,26.09,0
01/01/2021 09:01,450.21,26.14,0
01/01/2021 09:02,450.79,26.12,0
01/01/2021 09:03,450.07,26.11,0
01/01/2021 09:04,451.03,26.12,0
01/01/2021 09:05,452.72,26.09,0
01/01/2021 09:06,453.72,26.09,0
01/01/2021 09:07,454.2,26.09,0
01/01/2021 09:08,455.37,26.11,0
01/01/2021 09:09,454.07,26.08,0
01/01/2021 09:10,456.22,26.12,0
01/01/2021 09:11,453.27,26.05,0
01/01/2021 09:12,453.23,26.08,0
01/01/2021 09:13,452.55,26.09,0
01/01/2021 09:14,453.89,26.07,0
01/01/2021 09:15,456.28,26.09,0
01/01/2021 09:16,457.69,26.04,0
01/01/2021 09:17,457.87,26.04,0
01/01/2021 09:18,458.21,26.08,0
01/01/2021 09:19,459.16,26.08,0
01/01/2021 09:20,457.29,26.07,0
01/01/2021 09:21,454.69,26.04,0
01/01/2021 09:22,456.61,26.08,0
01/01/2021 09:23,457.68,26.05,0
01/01/2021 09:24,458.09,26.07,0
01/01/2021 09:25,457.53,26.07,0
01/01/2021 09:26,454.89,26.07,0
01/01/2021 09:27,452.98,26.05,0
01/01/2021 09:28,453.59,26.07,0
01/01/2021 09:29,455.06,26.08,0
01/01/2021 09:30,456.66,26.07,0
01/01/2021 09:31,456.13,26.03,0
01/01/2021 09:32,455.36,26.04,0
01/01/2021 09:33,453.67,26.07,0
01/01/2021 09:34,452.5,26.07,0
01/01/2021 09:35,451.35,26.04,0
01/01/2021 09:36,452.34,26.05,0
01/01/2021 09:37,451.36,26.04,0
01/01/2021 09:38,451.64,26.04,0
01/01/2021 09:39,454.09,26.05,0
01/01/2021 09:40,453.54,26.04,0
01/01/2021 09:41,453.07,26.05,0
01/01/2021 09:42,450.87,26.03,0
01/01/2021 09:43,451.76,26.01,0
01/01/2021 09:44,449.98,26.05,0
01/01/2021 09:45,451.19,26.04,0
01/01/2021 09:46,451.42,26.01,0
01/01/2021 09:47,453.2,26.01,0
01/01/2021 09:48,454.7,26.01,0
01/01/2021 09:49,454.21,25.98,0
01/01/2021 09:50,454.26,25.98,0
01/01/2021 09:51,454.28,26,0
01/01/2021 09:52,454.73,26,0
01/01/2021 09:53,455.86,25.98,0
01/01/2021 09:54,455.52,26.03,0
01/01/2021 09:55,454.59,26.01,0
01/01/2021 09:56,455.21,26,0
01/01/2021 09:57,456.25,25.98,0
01/01/2021 09:58,456.59,25.98,0
01/01/2021 09:59,458.16,25.98,0
01/01/2021 10:00,456.88,25.98,0
01/01/2021 10:01,456.27,25.98,0
01/01/2021 10:02,454.67,26,0
01/01/2021 10:03,452.9,25.97,0
01/01/2021 10:04,452.66,25.98,0
01/01/2021 10:05,455.22,25.98,0
01/01/2021 10:06,456.08,25.95,0
01/01/2021 10:07,453.54,25.95,0
01/01/2021 10:08,455.92,25.97,0
01/01/2021 10:09,457.74,25.94,0
01/01/2021 10:10,455.87,25.95,0
01/01/2021 10:11,456.8,25.95,0
01/01/2021 10:12,457.96,25.97,0
01/01/2021 10:13,456,25.94,0
01/01/2021 10:14,456.15,25.97,0
01/01/2021 10:15,457.75,25.95,0
01/01/2021 10:16,458.34,25.94,0
01/01/2021 10:17,458.7,25.94,0
01/01/2021 10:18,459.7,25.93,0
01/01/2021 10:19,456.74,25.91,0
01/01/2021 10:20,458.96,25.91,0
01/01/2021 10:21,459.51,25.91,0
01/01/2021 10:22,459.14,25.94,0
01/01/2021 10:23,458.16,25.95,0
01/01/2021 10:24,457.72,25.91,0
01/01/2021 10:25,458.06,25.91,0
01/01/2021 10:26,457.25,25.95,0
01/01/2021 10:27,458.85,25.94,0
01/01/2021 10:28,456.25,25.88,0
01/01/2021 10:29,456.05,25.88,0
01/01/2021 10:30,457.84,25.93,0
01/01/2021 10:31,457.85,25.93,0
01/01/2021 10:32,456.98,25.93,0
01/01/2021 10:33,456.15,25.88,0
01/01/2021 10:34,456.87,25.88,0
01/01/2021 10:35,457.69,25.91,0
01/01/2021 10:36,457.41,25.91,0
01/01/2021 10:37,455.32,25.9,0
01/01/2021 10:38,453.78,25.91,0
01/01/2021 10:39,452.85,25.87,0
01/01/2021 10:40,451.88,25.88,0
01/01/2021 10:41,451.12,25.88,0
01/01/2021 10:42,453.89,25.9,0
01/01/2021 10:43,453.63,25.88,0
01/01/2021 10:44,453.24,25.83,0
01/01/2021 10:45,454.82,25.84,0
01/01/2021 10:46,453.55,25.84,0
01/01/2021 10:47,452.83,25.88,0
01/01/2021 10:48,452.01,25.86,0
01/01/2021 10:49,452.31,25.86,0
01/01/2021 10:50,451.84,25.86,0
01/01/2021 10:51,450.9,25.87,0
01/01/2021 10:52,451.39,25.81,0
01/01/2021 10:53,449.69,25.83,0
01/01/2021 10:54,449.87,25.84,0
01/01/2021 10:55,449.63,25.9,0
01/01/2021 10:56,448.79,25.84,0
01/01/2021 10:57,449.07,25.86,0
01/01/2021 10:58,447.19,25.9,0
01/01/2021 10:59,445.58,25.84,0
01/01/2021 11:00,446.16,25.81,0
01/01/2021 11:01,446.89,25.84,0
01/01/2021 11:02,446.48,25.81,0
01/01/2021 11:03,445.44,25.81,0
01/01/2021 11:04,447.51,25.84,0
01/01/2021 11:05,447.74,25.83,0
01/01/2021 11:06,449.13,25.83,0
01/01/2021 11:07,449.46,25.83,0
01/01/2021 11:08,451.28,25.83,0
01/01/2021 11:09,452.11,25.83,0
01/01/2021 11:10,452.7,25.86,0
01/01/2021 11:11,452.22,25.84,0
01/01/2021 11:12,452.15,25.87,0
01/01/2021 11:13,449.27,25.84,0
01/01/2021 11:14,451.71,25.83,0
01/01/2021 11:15,450.65,25.84,0
01/01/2021 11:16,450.37,25.84,0
01/01/2021 11:17,449.38,25.83,0
01/01/2021 11:18,448.59,25.83,0
01/01/2021 11:19,447.62,25.83,0
01/01/2021 11:20,447.11,25.79,0
01/01/2021 11:21,450.91,25.84,0
01/01/2021 11:22,451.55,25.81,0
01/01/2021 11:23,452.81,25.83,0
01/01/2021 11:24,452.09,25.8,0
01/01/2021 11:25,453.34,25.79,0
01/01/2021 11:26,454.02,25.81,0
01/01/2021 11:27,452.86,25.8,0
01/01/2021 11:28,454.54,25.81,0
01/01/2021 11:29,452.27,25.8,0
01/01/2021 11:30,449.47,25.8,0
01/01/2021 11:31,448.97,25.81,0
01/01/2021 11:32,448.99,25.79,0
01/01/2021 11:33,447.52,25.83,0
01/01/2021 11:34,447.73,25.8,0
01/01/2021 11:35,444.58,25.76,0
01/01/2021 11:36,444.69,25.8,0
01/01/2021 11:37,445.52,25.8,0
01/01/2021 11:38,443.17,25.77,0
01/01/2021 11:39,446.82,25.77,0
01/01/2021 11:40,445.21,25.77,0
01/01/2021 11:41,444.48,25.79,0
01/01/2021 11:42,444.26,25.77,0
01/01/2021 11:43,444.66,25.77,0
01/01/2021 11:44,444.14,25.77,0
01/01/2021 11:45,447.16,25.76,0
01/01/2021 11:46,445.33,25.76,0
01/01/2021 11:47,445.82,25.76,0
01/01/2021 11:48,450.08,25.76,0
01/01/2021 11:49,451.47,25.77,0
01/01/2021 11:50,452.5,25.79,0
01/01/2021 11:51,451.42,25.75,0
01/01/2021 11:52,451.94,25.77,0
01/01/2021 11:53,450.83,25.76,0
01/01/2021 11:54,452.42,25.77,0
01/01/2021 11:55,454.72,25.76,0
01/01/2021 11:56,454.26,25.77,0
01/01/2021 11:57,452.35,25.75,0
01/01/2021 11:58,454.03,25.76,0
01/01/2021 11:59,455.96,25.76,0
01/01/2021 12:00,454.68,25.73,0
01/01/2021 12:01,454.21,25.75,0
01/01/2021 12:02,456.76,25.75,0
01/01/2021 12:03,456.53,25.77,0
01/01/2021 12:04,456.89,25.79,0
01/01/2021 12:05,456.39,25.76,0
01/01/2021 12:06,457.22,25.77,0
01/01/2021 12:07,457.17,25.77,0
01/01/2021 12:08,456.17,25.77,0
01/01/2021 12:09,454.56,25.73,0
01/01/2021 12:10,453.77,25.75,0
01/01/2021 12:11,457.74,25.79,0
01/01/2021 12:12,459.79,25.75,0
01/01/2021 12:13,460.28,25.73,0
01/01/2021 12:14,460.97,25.73,0
01/01/2021 12:15,461.37,25.73,0
01/01/2021 12:16,461.34,25.75,0
01/01/2021 12:17,460.37,25.72,0
01/01/2021 12:18,461.1,25.7,0
01/01/2021 12:19,458.74,25.73,0
01/01/2021 12:20,457.69,25.75,0
01/01/2021 12:21,459.4,25.73,0
01/01/2021 12:22,460.35,25.7,0
01/01/2021 12:23,457.41,25.75,0
01/01/2021 12:24,457.18,25.68,0
01/01/2021 12:25,457.26,25.69,0
01/01/2021 12:26,458.6,25.72,0
01/01/2021 12:27,460.11,25.73,0
01/01/2021 12:28,461.23,25.72,0
01/01/2021 12:29,460.08,25.7,0
01/01/2021 12:30,462.31,25.7,0
01/01/2021 12:31,459.37,25.7,0
01/01/2021 12:32,458.99,25.7,0
01/01/2021 12:33,457.55,25.7,0
01/01/2021 12:34,459.53,25.7,0
01/01/2021 12:35,460.43,25.73,0
01/01/2021 12:36,459.82,25.73,0
01/01/2021 12:37,460.41,25.7,0
01/01/2021 12:38,461.09,25.7,0
01/01/2021 12:39,460.81,25.72,0
01/01/2021 12:40,461.17,25.69,0
01/01/2021 12:41,462.79,25.69,0
01/01/2021 12:42,462.08,25.69,0
01/01/2021 12:43,462.46,25.69,0
01/01/2021 12:44,461.51,25.7,0
01/01/2021 12:45,458.92,25.68,0
01/01/2021 12:46,460.05,25.65,0
01/01/2021 12:47,460.18,25.68,0
01/01/2021 12:48,459.9,25.63,0
01/01/2021 12:49,461.35,25.66,0
01/01/2021 12:50,462.31,25.66,0
01/01/2021 12:51,461.19,25.66,0
01/01/2021 12:52,460.83,25.66,0
01/01/2021 12:53,459.65,25.66,0
01/01/2021 12:54,460.33,25.65,0
01/01/2021 12:55,459.89,25.65,0
01/01/2021 12:56,458.56,25.63,0
01/01/2021 12:57,460.36,25.62,0
01/01/2021 12:58,462.13,25.68,0
01/01/2021 12:59,462.63,25.68,0
01/01/2021 13:00,464.01,25.65,0
01/01/2021 13:01,463.09,25.63,0
01/01/2021 13:02,464.69,25.68,0
01/01/2021 13:03,465.23,25.63,0
01/01/2021 13:04,464.35,25.66,0
01/01/2021 13:05,465.33,25.65,0
01/01/2021 13:06,464.91,25.63,0
01/01/2021 13:07,464.03,25.62,0
01/01/2021 13:08,465.34,25.62,0
01/01/2021 13:09,466.14,25.63,0
01/01/2021 13:10,468.33,25.63,0
01/01/2021 13:11,469.09,25.65,0
01/01/2021 13:12,467.72,25.59,0
01/01/2021 13:13,467.4,25.61,0
01/01/2021 13:14,466.43,25.59,0
01/01/2021 13:15,468.61,25.63,0
01/01/2021 13:16,467.26,25.62,0
01/01/2021 13:17,465.67,25.65,0
01/01/2021 13:18,466.93,25.63,0
01/01/2021 13:19,468.08,25.61,0
01/01/2021 13:20,469.7,25.63,0
01/01/2021 13:21,470.17,25.65,0
01/01/2021 13:22,469.92,25.61,0
01/01/2021 13:23,470.16,25.62,0
01/01/2021 13:24,470.08,25.61,0
01/01/2021 13:25,469.79,25.63,0
01/01/2021 13:26,470.11,25.59,0
01/01/2021 13:27,470.24,25.63,0
01/01/2021 13:28,469.33,25.62,0
01/01/2021 13:29,468.46,25.65,0
01/01/2021 13:30,469.25,25.63,0
01/01/2021 13:31,467.14,25.61,0
01/01/2021 13:32,466.38,25.61,0
01/01/2021 13:33,465.77,25.61,0
01/01/2021 13:34,465.22,25.59,0
01/01/2021 13:35,465.03,25.59,0
01/01/2021 13:36,467.09,25.61,0
01/01/2021 13:37,466.28,25.62,0
01/01/2021 13:38,466.02,25.59,0
01/01/2021 13:39,467.2,25.59,0
01/01/2021 13:40,465.57,25.59,0
01/01/2021 13:41,467.14,25.62,0
01/01/2021 13:42,466.41,25.61,0
01/01/2021 13:43,465.81,25.61,0
01/01/2021 13:44,465.77,25.61,0
01/01/2021 13:45,465.55,25.59,0
01/01/2021 13:46,463.41,25.59,0
01/01/2021 13:47,464.45,25.56,0
01/01/2021 13:48,465.14,25.59,0
01/01/2021 13:49,465.03,25.59,0
01/01/2021 13:50,466.88,25.59,0
01/01/2021 13:51,466.81,25.58,0
01/01/2021 13:52,467.63,25.59,0
01/01/2021 13:53,468.35,25.61,0
01/01/2021 13:54,467.16,25.55,0
01/01/2021 13:55,465.71,25.56,0
01/01/2021 13:56,466.02,25.56,0
01/01/2021 13:57,464.44,25.59,0
01/01/2021 13:58,466.19,25.59,0
01/01/2021 13:59,465.24,25.58,0
01/01/2021 14:00,464.79,25.56,0
01/01/2021 14:01,461.75,25.49,0
01/01/2021 14:02,463.37,25.56,0
01/01/2021 14:03,464.14,25.55,0
01/01/2021 14:04,463.68,25.52,0
01/01/2021 14:05,465.47,25.58,0
01/01/2021 14:06,465.24,25.52,0
01/01/2021 14:07,464.6,25.52,0
01/01/2021 14:08,463.68,25.53,0
01/01/2021 14:09,463.54,25.55,0
01/01/2021 14:10,464.83,25.52,0
01/01/2021 14:11,466.69,25.49,0
01/01/2021 14:12,469.46,25.5,0
01/01/2021 14:13,470.47,25.58,0
01/01/2021 14:14,470.65,25.58,0
01/01/2021 14:15,471.11,25.56,0
01/01/2021 14:16,471.3,25.56,0
01/01/2021 14:17,472.18,25.56,0
01/01/2021 14:18,472.37,25.58,0
01/01/2021 14:19,471.89,25.56,0
01/01/2021 14:20,470.8,25.58,0
01/01/2021 14:21,468.68,25.58,0
01/01/2021 14:22,467.58,25.59,0
01/01/2021 14:23,465.7,25.58,0
01/01/2021 14:24,466,25.59,0
01/01/2021 14:25,464.78,25.58,0
01/01/2021 14:26,464.59,25.61,0
01/01/2021 14:27,464.05,25.61,0
01/01/2021 14:28,463.51,25.59,0
01/01/2021 14:29,462.93,25.53,0
01/01/2021 14:30,464.27,25.62,0
01/01/2021 14:31,467.7,25.58,0
01/01/2021 14:32,469.84,25.59,0
01/01/2021 14:33,468.64,25.53,0
01/01/2021 14:34,471.5,25.59,0
01/01/2021 14:35,470.29,25.56,0
01/01/2021 14:36,468.69,25.59,0
01/01/2021 14:37,466.94,25.56,0
01/01/2021 14:38,467.04,25.55,0
01/01/2021 14:39,467,25.58,0
01/01/2021 14:40,466.47,25.59,0
01/01/2021 14:41,466.18,25.58,0
01/01/2021 14:42,466.37,25.55,0
01/01/2021 14:43,467.97,25.59,0
01/01/2021 14:44,469.93,25.56,0
01/01/2021 14:45,469.02,25.58,0
01/01/2021 14:46,467.29,25.61,0
01/01/2021 14:47,465.61,25.56,0
01/01/2021 14:48,465.29,25.56,0
01/01/2021 14:49,466.79,25.62,0
01/01/2021 14:50,465.25,25.61,0
01/01/2021 14:51,461.99,25.62,5
01/01/2021 14:52,469.47,25.63,0
01/01/2021 14:53,469.99,25.66,2
01/01/2021 14:54,471.1,25.68,5
01/01/2021 14:55,475.12,25.68,1
01/01/2021 14:56,474.78,25.59,0
01/01/2021 14:57,479.57,25.62,0
01/01/2021 14:58,481.02,25.65,0
01/01/2021 14:59,481.81,25.63,0
01/01/2021 15:00,486.33,25.65,0
01/01/2021 15:01,485.93,25.61,0
01/01/2021 15:02,487.36,25.62,0
01/01/2021 15:03,487.57,25.62,0
01/01/2021 15:04,489.4,25.63,0
01/01/2021 15:05,488.86,25.69,0
01/01/2021 15:06,488.63,25.65,0
01/01/2021 15:07,488.34,25.61,0
01/01/2021 15:08,488.62,25.62,0
01/01/2021 15:09,485.24,25.63,0
01/01/2021 15:10,484.33,25.62,0
01/01/2021 15:11,487.08,25.65,0
01/01/2021 15:12,492.65,25.68,0
01/01/2021 15:13,493.95,25.65,0
01/01/2021 15:14,493.43,25.63,0
01/01/2021 15:15,496.1,25.66,0
01/01/2021 15:16,501.15,25.63,0
01/01/2021 15:17,502.9,25.65,0
01/01/2021 15:18,504.68,25.7,0
01/01/2021 15:19,506.39,25.72,0
01/01/2021 15:20,509.26,25.69,0
01/01/2021 15:21,512.19,25.66,0
01/01/2021 15:22,513.08,25.68,0
01/01/2021 15:23,515.49,25.7,0
01/01/2021 15:24,515.58,25.72,0
01/01/2021 15:25,515.17,25.66,0
01/01/2021 15:26,516.91,25.68,1
01/01/2021 15:27,520.46,25.66,0
01/01/2021 15:28,527.05,25.7,0
01/01/2021 15:29,528.36,25.7,0
01/01/2021 15:30,531.29,25.72,0
01/01/2021 15:31,531.68,25.73,0
01/01/2021 15:32,530.69,25.73,0
01/01/2021 15:33,533.52,25.72,0
01/01/2021 15:34,534.6,25.75,0
01/01/2021 15:35,534.18,25.76,0
01/01/2021 15:36,534.02,25.75,1
01/01/2021 15:37,535.8,25.73,0
01/01/2021 15:38,539.34,25.72,0
01/01/2021 15:39,545.67,25.75,0
01/01/2021 15:40,550.29,25.75,0
01/01/2021 15:41,554.29,25.73,0
01/01/2021 15:42,558.41,25.75,0
01/01/2021 15:43,560.38,25.75,0
01/01/2021 15:44,565.44,25.76,0
01/01/2021 15:45,570.7,25.79,0
01/01/2021 15:46,572.71,25.76,0
01/01/2021 15:47,576.56,25.72,0
01/01/2021 15:48,578.58,25.76,0
01/01/2021 15:49,580.38,25.77,0
01/01/2021 15:50,582.27,25.73,0
01/01/2021 15:51,586.19,25.76,0
01/01/2021 15:52,590.82,25.76,0
01/01/2021 15:53,593.22,25.73,0
01/01/2021 15:54,595.73,25.76,0
01/01/2021 15:55,601.13,25.8,0
01/01/2021 15:56,604.19,25.79,0
01/01/2021 15:57,610.16,25.77,0
01/01/2021 15:58,614.07,25.79,0
01/01/2021 15:59,617.86,25.8,0
